chain	resid	resname	source	atoms
A	1	MET	1dbf_aligned	8
A	2	MET	2cht	8
A	3	ILE	2cht	9
A	4	ARG	2cht	17
A	5	GLY	2cht	5
A	6	ILE	2cht	9
A	7	ARG	2cht	17
A	8	GLY	2cht	5
A	9	ALA	2cht	6
A	10	THR	2cht	9
A	11	THR	2cht	9
A	12	VAL	2cht	8
A	13	GLU	2cht	10
A	14	ARG	2cht	17
A	15	ASP	2cht	9
A	16	THR	2cht	9
A	17	GLU	2cht	10
A	18	GLU	2cht	10
A	19	GLU	2cht	10
A	20	ILE	2cht	9
A	21	LEU	2cht	9
A	22	GLN	2cht	12
A	23	LYS	2cht	13
A	24	THR	2cht	9
A	25	LYS	2cht	13
A	26	GLN	2cht	12
A	27	LEU	2cht	9
A	28	LEU	2cht	9
A	29	GLU	2cht	10
A	30	LYS	2cht	13
A	31	ILE	2cht	9
A	32	ILE	2cht	9
A	33	GLU	2cht	10
A	34	GLU	2cht	10
A	35	ASN	2cht	11
A	36	HIS	2cht	13
A	37	THR	2cht	9
A	38	LYS	2cht	13
A	39	PRO	2cht	7
A	40	GLU	2cht	10
A	41	ASP	2cht	9
A	42	VAL	2cht	8
A	43	VAL	2cht	8
A	44	GLN	2cht	12
A	45	MET	2cht	9
A	46	LEU	2cht	9
A	47	LEU	2cht	9
A	48	SER	2cht	8
A	49	ALA	2cht	6
A	50	THR	2cht	9
A	51	PRO	2cht	7
A	52	ASP	2cht	9
A	53	LEU	2cht	9
A	54	HIS	2cht	13
A	55	ALA	2cht	6
A	56	VAL	2cht	8
A	57	PHE	2cht	12
A	58	PRO	2cht	7
A	59	ALA	2cht	6
A	60	LYS	2cht	13
A	61	ALA	2cht	6
A	62	VAL	2cht	8
A	63	ARG	2cht	17
A	64	GLU	2cht	10
A	65	LEU	2cht	9
A	66	SER	2cht	8
A	67	GLY	2cht	5
A	68	TRP	2cht	16
A	69	GLN	2cht	12
A	70	TYR	2cht	14
A	71	VAL	2cht	8
A	72	PRO	2cht	7
A	73	VAL	2cht	8
A	74	THR	2cht	9
A	75	CYS	2cht	7
A	76	MET	2cht	9
A	77	GLN	2cht	12
A	78	GLU	2cht	10
A	79	MET	2cht	9
A	80	ASP	2cht	9
A	81	VAL	2cht	8
A	82	THR	2cht	9
A	83	GLY	2cht	5
A	84	GLY	2cht	5
A	85	LEU	2cht	9
A	86	LYS	2cht	13
A	87	LYS	2cht	13
A	88	CYS	2cht	7
A	89	ILE	2cht	9
A	90	ARG	2cht	17
A	91	VAL	2cht	8
A	92	MET	2cht	9
A	93	MET	2cht	9
A	94	THR	2cht	9
A	95	VAL	2cht	8
A	96	GLN	2cht	12
A	97	THR	2cht	9
A	98	ASP	2cht	9
A	99	VAL	2cht	8
A	100	PRO	2cht	7
A	101	GLN	2cht	12
A	102	ASP	2cht	9
A	103	GLN	2cht	12
A	104	ILE	2cht	9
A	105	ARG	2cht	17
A	106	HIS	2cht	13
A	107	VAL	2cht	8
A	108	TYR	2cht	14
A	109	LEU	2cht	9
A	110	GLU	2cht	10
A	111	LYS	2cht	13
A	112	ALA	2cht	6
A	113	VAL	2cht	8
A	114	VAL	2cht	8
A	115	LEU	2cht	9
A	116	ARG	1dbf_aligned	11
A	117	PRO	1dbf_aligned	7
A	118	ASP	1dbf_aligned	8
A	119	LEU	1dbf_aligned	8
A	120	SER	1dbf_aligned	6
A	121	LEU	1dbf_aligned	8
A	122	THR	1dbf_aligned	10
A	123	LYS	1dbf_aligned	9
A	124	ASN	1dbf_aligned	8
A	125	THR	1dbf_aligned	7
A	126	GLU	1dbf_aligned	9
A	127	LEU	1dbf_aligned	9
B	1	MET	1dbf_aligned	8
B	2	MET	2cht	8
B	3	ILE	2cht	9
B	4	ARG	2cht	17
B	5	GLY	2cht	5
B	6	ILE	2cht	9
B	7	ARG	2cht	17
B	8	GLY	2cht	5
B	9	ALA	2cht	6
B	10	THR	2cht	9
B	11	THR	2cht	9
B	12	VAL	2cht	8
B	13	GLU	2cht	10
B	14	ARG	2cht	17
B	15	ASP	2cht	9
B	16	THR	2cht	9
B	17	GLU	2cht	10
B	18	GLU	2cht	10
B	19	GLU	2cht	10
B	20	ILE	2cht	9
B	21	LEU	2cht	9
B	22	GLN	2cht	12
B	23	LYS	2cht	13
B	24	THR	2cht	9
B	25	LYS	2cht	13
B	26	GLN	2cht	12
B	27	LEU	2cht	9
B	28	LEU	2cht	9
B	29	GLU	2cht	10
B	30	LYS	2cht	13
B	31	ILE	2cht	9
B	32	ILE	2cht	9
B	33	GLU	2cht	10
B	34	GLU	2cht	10
B	35	ASN	2cht	11
B	36	HIS	2cht	13
B	37	THR	2cht	9
B	38	LYS	2cht	13
B	39	PRO	2cht	7
B	40	GLU	2cht	10
B	41	ASP	2cht	9
B	42	VAL	2cht	8
B	43	VAL	2cht	8
B	44	GLN	2cht	12
B	45	MET	2cht	9
B	46	LEU	2cht	9
B	47	LEU	2cht	9
B	48	SER	2cht	8
B	49	ALA	2cht	6
B	50	THR	2cht	9
B	51	PRO	2cht	7
B	52	ASP	2cht	9
B	53	LEU	2cht	9
B	54	HIS	2cht	13
B	55	ALA	2cht	6
B	56	VAL	2cht	8
B	57	PHE	2cht	12
B	58	PRO	2cht	7
B	59	ALA	2cht	6
B	60	LYS	2cht	13
B	61	ALA	2cht	6
B	62	VAL	2cht	8
B	63	ARG	2cht	17
B	64	GLU	2cht	10
B	65	LEU	2cht	9
B	66	SER	2cht	8
B	67	GLY	2cht	5
B	68	TRP	2cht	16
B	69	GLN	2cht	12
B	70	TYR	2cht	14
B	71	VAL	2cht	8
B	72	PRO	2cht	7
B	73	VAL	2cht	8
B	74	THR	2cht	9
B	75	CYS	2cht	7
B	76	MET	2cht	9
B	77	GLN	2cht	12
B	78	GLU	2cht	10
B	79	MET	2cht	9
B	80	ASP	2cht	9
B	81	VAL	2cht	8
B	82	THR	2cht	9
B	83	GLY	2cht	5
B	84	GLY	2cht	5
B	85	LEU	2cht	9
B	86	LYS	2cht	13
B	87	LYS	2cht	13
B	88	CYS	2cht	7
B	89	ILE	2cht	9
B	90	ARG	2cht	17
B	91	VAL	2cht	8
B	92	MET	2cht	9
B	93	MET	2cht	9
B	94	THR	2cht	9
B	95	VAL	2cht	8
B	96	GLN	2cht	12
B	97	THR	2cht	9
B	98	ASP	2cht	9
B	99	VAL	2cht	8
B	100	PRO	2cht	7
B	101	GLN	2cht	12
B	102	ASP	2cht	9
B	103	GLN	2cht	12
B	104	ILE	2cht	9
B	105	ARG	2cht	17
B	106	HIS	2cht	13
B	107	VAL	2cht	8
B	108	TYR	2cht	14
B	109	LEU	2cht	9
B	110	GLU	2cht	10
B	111	LYS	2cht	13
B	112	ALA	2cht	6
B	113	VAL	2cht	8
B	114	VAL	2cht	8
B	115	LEU	1dbf_aligned	8
B	116	ARG	1dbf_aligned	11
B	117	PRO	1dbf_aligned	7
B	118	ASP	1dbf_aligned	8
B	119	LEU	1dbf_aligned	8
B	120	SER	1dbf_aligned	6
B	121	LEU	1dbf_aligned	8
B	122	THR	1dbf_aligned	7
B	123	LYS	1dbf_aligned	9
B	124	ASN	1dbf_aligned	8
B	125	THR	1dbf_aligned	7
B	126	GLU	1dbf_aligned	9
B	127	LEU	1dbf_aligned	9
C	1	MET	1dbf_aligned	8
C	2	MET	1dbf_aligned	8
C	3	ILE	2cht	9
C	4	ARG	2cht	17
C	5	GLY	2cht	5
C	6	ILE	2cht	9
C	7	ARG	2cht	17
C	8	GLY	2cht	5
C	9	ALA	2cht	6
C	10	THR	2cht	9
C	11	THR	2cht	9
C	12	VAL	2cht	8
C	13	GLU	2cht	10
C	14	ARG	2cht	17
C	15	ASP	2cht	9
C	16	THR	2cht	9
C	17	GLU	2cht	10
C	18	GLU	2cht	10
C	19	GLU	2cht	10
C	20	ILE	2cht	9
C	21	LEU	2cht	9
C	22	GLN	2cht	12
C	23	LYS	2cht	13
C	24	THR	2cht	9
C	25	LYS	2cht	13
C	26	GLN	2cht	12
C	27	LEU	2cht	9
C	28	LEU	2cht	9
C	29	GLU	2cht	10
C	30	LYS	2cht	13
C	31	ILE	2cht	9
C	32	ILE	2cht	9
C	33	GLU	2cht	10
C	34	GLU	2cht	10
C	35	ASN	2cht	11
C	36	HIS	2cht	13
C	37	THR	2cht	9
C	38	LYS	2cht	13
C	39	PRO	2cht	7
C	40	GLU	2cht	10
C	41	ASP	2cht	9
C	42	VAL	2cht	8
C	43	VAL	2cht	8
C	44	GLN	2cht	12
C	45	MET	2cht	9
C	46	LEU	2cht	9
C	47	LEU	2cht	9
C	48	SER	2cht	8
C	49	ALA	2cht	6
C	50	THR	2cht	9
C	51	PRO	2cht	7
C	52	ASP	2cht	9
C	53	LEU	2cht	9
C	54	HIS	2cht	13
C	55	ALA	2cht	6
C	56	VAL	2cht	8
C	57	PHE	2cht	12
C	58	PRO	2cht	7
C	59	ALA	2cht	6
C	60	LYS	2cht	13
C	61	ALA	2cht	6
C	62	VAL	2cht	8
C	63	ARG	2cht	17
C	64	GLU	2cht	10
C	65	LEU	2cht	9
C	66	SER	2cht	8
C	67	GLY	2cht	5
C	68	TRP	2cht	16
C	69	GLN	2cht	12
C	70	TYR	2cht	14
C	71	VAL	2cht	8
C	72	PRO	2cht	7
C	73	VAL	2cht	8
C	74	THR	2cht	9
C	75	CYS	2cht	7
C	76	MET	2cht	9
C	77	GLN	2cht	12
C	78	GLU	2cht	10
C	79	MET	2cht	9
C	80	ASP	2cht	9
C	81	VAL	2cht	8
C	82	THR	2cht	9
C	83	GLY	2cht	5
C	84	GLY	2cht	5
C	85	LEU	2cht	9
C	86	LYS	2cht	13
C	87	LYS	2cht	13
C	88	CYS	2cht	7
C	89	ILE	2cht	9
C	90	ARG	2cht	17
C	91	VAL	2cht	8
C	92	MET	2cht	9
C	93	MET	2cht	9
C	94	THR	2cht	9
C	95	VAL	2cht	8
C	96	GLN	2cht	12
C	97	THR	2cht	9
C	98	ASP	2cht	9
C	99	VAL	2cht	8
C	100	PRO	2cht	7
C	101	GLN	2cht	12
C	102	ASP	2cht	9
C	103	GLN	2cht	12
C	104	ILE	2cht	9
C	105	ARG	2cht	17
C	106	HIS	2cht	13
C	107	VAL	2cht	8
C	108	TYR	2cht	14
C	109	LEU	2cht	9
C	110	GLU	2cht	10
C	111	LYS	2cht	13
C	112	ALA	2cht	6
C	113	VAL	2cht	8
C	114	VAL	2cht	8
C	115	LEU	1dbf_aligned	8
C	116	ARG	1dbf_aligned	11
C	117	PRO	1dbf_aligned	7
C	118	ASP	1dbf_aligned	8
C	119	LEU	1dbf_aligned	8
C	120	SER	1dbf_aligned	6
C	121	LEU	1dbf_aligned	8
C	122	THR	1dbf_aligned	7
C	123	LYS	1dbf_aligned	9
C	124	ASN	1dbf_aligned	8
C	125	THR	1dbf_aligned	7
C	126	GLU	1dbf_aligned	9
C	127	LEU	1dbf_aligned	13
