system	label	count
dry	ALA	18
dry	ARG	21
dry	ASN	6
dry	ASP	21
dry	CHA	3
dry	CYS	6
dry	GLN	24
dry	GLU	36
dry	GLY	15
dry	HIE	3
dry	HIP	6
dry	ILE	21
dry	LEU	39
dry	LYS	27
dry	MET	21
dry	PHE	3
dry	PRO	18
dry	SER	9
dry	THR	36
dry	TRP	3
dry	TYR	6
dry	VAL	42
solvated	ALA	18
solvated	ARG	21
solvated	ASN	6
solvated	ASP	21
solvated	CHA	3
solvated	CYS	6
solvated	GLN	24
solvated	GLU	36
solvated	GLY	15
solvated	HIE	3
solvated	HIP	6
solvated	ILE	21
solvated	LEU	39
solvated	LYS	27
solvated	MET	21
solvated	Na+	9
solvated	PHE	3
solvated	PRO	18
solvated	SER	9
solvated	THR	36
solvated	TRP	3
solvated	TYR	6
solvated	VAL	42
solvated	WAT	16472
