chain	resid	orig_resname	hpp_resname	heavy	max_drift_A	rms_drift_A	gt1.0	is_flippable	is_active_site
B	44	GLN	GLN	9	2.245196	1.058245	2	True	False
C	101	GLN	GLN	9	2.244131	1.031482	2	True	False
A	44	GLN	GLN	9	2.214530	1.043683	2	True	False
C	44	GLN	GLN	9	2.213546	1.040271	2	True	False
C	106	HIS	HIE	10	2.196714	1.140685	4	True	False
B	106	HIS	HIE	10	2.188200	1.131841	4	True	False
A	106	HIS	HIE	10	2.177433	1.125691	4	True	False
A	101	GLN	GLN	9	2.164261	1.020775	2	True	False
A	1	MET	MET	8	0.000000	0.000000	0	False	False
A	2	MET	MET	8	0.000000	0.000000	0	False	False
A	3	ILE	ILE	8	0.000000	0.000000	0	False	False
A	4	ARG	ARG	11	0.000000	0.000000	0	False	False
A	5	GLY	GLY	4	0.000000	0.000000	0	False	False
A	6	ILE	ILE	8	0.000000	0.000000	0	False	False
A	7	ARG	ARG	11	0.000000	0.000000	0	False	True
A	8	GLY	GLY	4	0.000000	0.000000	0	False	False
A	9	ALA	ALA	5	0.000000	0.000000	0	False	False
A	10	THR	THR	7	0.000000	0.000000	0	False	False
A	11	THR	THR	7	0.000000	0.000000	0	False	False
A	12	VAL	VAL	7	0.000000	0.000000	0	False	False
A	13	GLU	GLU	9	0.000000	0.000000	0	False	False
A	14	ARG	ARG	11	0.000000	0.000000	0	False	False
A	15	ASP	ASP	8	0.000000	0.000000	0	False	False
A	16	THR	THR	7	0.000000	0.000000	0	False	False
A	17	GLU	GLU	9	0.000000	0.000000	0	False	False
A	18	GLU	GLU	9	0.000000	0.000000	0	False	False
A	19	GLU	GLU	9	0.000000	0.000000	0	False	False
A	20	ILE	ILE	8	0.000000	0.000000	0	False	False
A	21	LEU	LEU	8	0.000000	0.000000	0	False	False
A	22	GLN	GLN	9	0.000000	0.000000	0	True	False
A	23	LYS	LYS	9	0.000000	0.000000	0	False	False
A	24	THR	THR	7	0.000000	0.000000	0	False	False
A	25	LYS	LYS	9	0.000000	0.000000	0	False	False
A	26	GLN	GLN	9	0.000000	0.000000	0	True	False
A	27	LEU	LEU	8	0.000000	0.000000	0	False	False
A	28	LEU	LEU	8	0.000000	0.000000	0	False	False
A	29	GLU	GLU	9	0.000000	0.000000	0	False	False
A	30	LYS	LYS	9	0.000000	0.000000	0	False	False
A	31	ILE	ILE	8	0.000000	0.000000	0	False	False
A	32	ILE	ILE	8	0.000000	0.000000	0	False	False
A	33	GLU	GLU	9	0.000000	0.000000	0	False	False
A	34	GLU	GLU	9	0.000000	0.000000	0	False	False
A	35	ASN	ASN	8	0.000000	0.000000	0	True	False
A	36	HIS	HIP	10	0.000000	0.000000	0	True	False
A	37	THR	THR	7	0.000000	0.000000	0	False	False
A	38	LYS	LYS	9	0.000000	0.000000	0	False	False
A	39	PRO	PRO	7	0.000000	0.000000	0	False	False
A	40	GLU	GLU	9	0.000000	0.000000	0	False	False
A	41	ASP	ASP	8	0.000000	0.000000	0	False	False
A	42	VAL	VAL	7	0.000000	0.000000	0	False	False
A	43	VAL	VAL	7	0.000000	0.000000	0	False	False
A	45	MET	MET	8	0.000000	0.000000	0	False	False
A	46	LEU	LEU	8	0.000000	0.000000	0	False	False
A	47	LEU	LEU	8	0.000000	0.000000	0	False	False
A	48	SER	SER	6	0.000000	0.000000	0	False	False
A	49	ALA	ALA	5	0.000000	0.000000	0	False	False
A	50	THR	THR	7	0.000000	0.000000	0	False	False
A	51	PRO	PRO	7	0.000000	0.000000	0	False	False
A	52	ASP	ASP	8	0.000000	0.000000	0	False	False
A	53	LEU	LEU	8	0.000000	0.000000	0	False	False
A	54	HIS	HIP	10	0.000000	0.000000	0	True	False
A	55	ALA	ALA	5	0.000000	0.000000	0	False	False
A	56	VAL	VAL	7	0.000000	0.000000	0	False	False
A	57	PHE	PHE	11	0.000000	0.000000	0	False	True
A	58	PRO	PRO	7	0.000000	0.000000	0	False	False
A	59	ALA	ALA	5	0.000000	0.000000	0	False	True
A	60	LYS	LYS	9	0.000000	0.000000	0	False	True
A	61	ALA	ALA	5	0.000000	0.000000	0	False	False
A	62	VAL	VAL	7	0.000000	0.000000	0	False	False
A	63	ARG	ARG	11	0.000000	0.000000	0	False	True
A	64	GLU	GLU	9	0.000000	0.000000	0	False	False
A	65	LEU	LEU	8	0.000000	0.000000	0	False	False
A	66	SER	SER	6	0.000000	0.000000	0	False	False
A	67	GLY	GLY	4	0.000000	0.000000	0	False	False
A	68	TRP	TRP	14	0.000000	0.000000	0	False	False
A	69	GLN	GLN	9	0.000000	0.000000	0	True	False
A	70	TYR	TYR	12	0.000000	0.000000	0	False	False
A	71	VAL	VAL	7	0.000000	0.000000	0	False	False
A	72	PRO	PRO	7	0.000000	0.000000	0	False	False
A	73	VAL	VAL	7	0.000000	0.000000	0	False	True
A	74	THR	THR	7	0.000000	0.000000	0	False	True
A	75	CYS	CYS	6	0.000000	0.000000	0	False	True
A	76	MET	MET	8	0.000000	0.000000	0	False	False
A	77	GLN	GLN	9	0.000000	0.000000	0	True	False
A	78	GLU	GLU	9	0.000000	0.000000	0	False	True
A	79	MET	MET	8	0.000000	0.000000	0	False	False
A	80	ASP	ASP	8	0.000000	0.000000	0	False	False
A	81	VAL	VAL	7	0.000000	0.000000	0	False	False
A	82	THR	THR	7	0.000000	0.000000	0	False	False
A	83	GLY	GLY	4	0.000000	0.000000	0	False	False
A	84	GLY	GLY	4	0.000000	0.000000	0	False	False
A	85	LEU	LEU	8	0.000000	0.000000	0	False	False
A	86	LYS	LYS	9	0.000000	0.000000	0	False	False
A	87	LYS	LYS	9	0.000000	0.000000	0	False	False
A	88	CYS	CYS	6	0.000000	0.000000	0	False	False
A	89	ILE	ILE	8	0.000000	0.000000	0	False	False
A	90	ARG	ARG	11	0.000000	0.000000	0	False	True
A	91	VAL	VAL	7	0.000000	0.000000	0	False	False
A	92	MET	MET	8	0.000000	0.000000	0	False	False
A	93	MET	MET	8	0.000000	0.000000	0	False	False
A	94	THR	THR	7	0.000000	0.000000	0	False	False
A	95	VAL	VAL	7	0.000000	0.000000	0	False	False
A	96	GLN	GLN	9	0.000000	0.000000	0	True	False
A	97	THR	THR	7	0.000000	0.000000	0	False	False
A	98	ASP	ASP	8	0.000000	0.000000	0	False	False
A	99	VAL	VAL	7	0.000000	0.000000	0	False	False
A	100	PRO	PRO	7	0.000000	0.000000	0	False	False
A	102	ASP	ASP	8	0.000000	0.000000	0	False	False
A	103	GLN	GLN	9	0.000000	0.000000	0	True	False
A	104	ILE	ILE	8	0.000000	0.000000	0	False	False
A	105	ARG	ARG	11	0.000000	0.000000	0	False	False
A	107	VAL	VAL	7	0.000000	0.000000	0	False	False
A	108	TYR	TYR	12	0.000000	0.000000	0	False	True
A	109	LEU	LEU	8	0.000000	0.000000	0	False	False
A	110	GLU	GLU	9	0.000000	0.000000	0	False	False
A	111	LYS	LYS	9	0.000000	0.000000	0	False	False
A	112	ALA	ALA	5	0.000000	0.000000	0	False	False
A	113	VAL	VAL	7	0.000000	0.000000	0	False	False
A	114	VAL	VAL	7	0.000000	0.000000	0	False	False
A	115	LEU	LEU	8	0.000000	0.000000	0	False	True
A	116	ARG	ARG	11	0.000000	0.000000	0	False	False
A	117	PRO	PRO	7	0.000000	0.000000	0	False	False
A	118	ASP	ASP	8	0.000000	0.000000	0	False	False
A	119	LEU	LEU	8	0.000000	0.000000	0	False	False
A	120	SER	SER	6	0.000000	0.000000	0	False	False
A	121	LEU	LEU	8	0.000000	0.000000	0	False	False
A	122	THR	THR	7	0.000000	0.000000	0	False	False
A	123	LYS	LYS	9	0.000000	0.000000	0	False	False
A	124	ASN	ASN	8	0.000000	0.000000	0	True	False
A	125	THR	THR	7	0.000000	0.000000	0	False	False
A	126	GLU	GLU	9	0.000000	0.000000	0	False	False
A	127	LEU	LEU	9	0.000000	0.000000	0	False	False
B	1	MET	MET	8	0.000000	0.000000	0	False	False
B	2	MET	MET	8	0.000000	0.000000	0	False	False
B	3	ILE	ILE	8	0.000000	0.000000	0	False	False
B	4	ARG	ARG	11	0.000000	0.000000	0	False	False
B	5	GLY	GLY	4	0.000000	0.000000	0	False	False
B	6	ILE	ILE	8	0.000000	0.000000	0	False	False
B	7	ARG	ARG	11	0.000000	0.000000	0	False	True
B	8	GLY	GLY	4	0.000000	0.000000	0	False	False
B	9	ALA	ALA	5	0.000000	0.000000	0	False	False
B	10	THR	THR	7	0.000000	0.000000	0	False	False
B	11	THR	THR	7	0.000000	0.000000	0	False	False
B	12	VAL	VAL	7	0.000000	0.000000	0	False	False
B	13	GLU	GLU	9	0.000000	0.000000	0	False	False
B	14	ARG	ARG	11	0.000000	0.000000	0	False	False
B	15	ASP	ASP	8	0.000000	0.000000	0	False	False
B	16	THR	THR	7	0.000000	0.000000	0	False	False
B	17	GLU	GLU	9	0.000000	0.000000	0	False	False
B	18	GLU	GLU	9	0.000000	0.000000	0	False	False
B	19	GLU	GLU	9	0.000000	0.000000	0	False	False
B	20	ILE	ILE	8	0.000000	0.000000	0	False	False
B	21	LEU	LEU	8	0.000000	0.000000	0	False	False
B	22	GLN	GLN	9	0.000000	0.000000	0	True	False
B	23	LYS	LYS	9	0.000000	0.000000	0	False	False
B	24	THR	THR	7	0.000000	0.000000	0	False	False
B	25	LYS	LYS	9	0.000000	0.000000	0	False	False
B	26	GLN	GLN	9	0.000000	0.000000	0	True	False
B	27	LEU	LEU	8	0.000000	0.000000	0	False	False
B	28	LEU	LEU	8	0.000000	0.000000	0	False	False
B	29	GLU	GLU	9	0.000000	0.000000	0	False	False
B	30	LYS	LYS	9	0.000000	0.000000	0	False	False
B	31	ILE	ILE	8	0.000000	0.000000	0	False	False
B	32	ILE	ILE	8	0.000000	0.000000	0	False	False
B	33	GLU	GLU	9	0.000000	0.000000	0	False	False
B	34	GLU	GLU	9	0.000000	0.000000	0	False	False
B	35	ASN	ASN	8	0.000000	0.000000	0	True	False
B	36	HIS	HIP	10	0.000000	0.000000	0	True	False
B	37	THR	THR	7	0.000000	0.000000	0	False	False
B	38	LYS	LYS	9	0.000000	0.000000	0	False	False
B	39	PRO	PRO	7	0.000000	0.000000	0	False	False
B	40	GLU	GLU	9	0.000000	0.000000	0	False	False
B	41	ASP	ASP	8	0.000000	0.000000	0	False	False
B	42	VAL	VAL	7	0.000000	0.000000	0	False	False
B	43	VAL	VAL	7	0.000000	0.000000	0	False	False
B	45	MET	MET	8	0.000000	0.000000	0	False	False
B	46	LEU	LEU	8	0.000000	0.000000	0	False	False
B	47	LEU	LEU	8	0.000000	0.000000	0	False	False
B	48	SER	SER	6	0.000000	0.000000	0	False	False
B	49	ALA	ALA	5	0.000000	0.000000	0	False	False
B	50	THR	THR	7	0.000000	0.000000	0	False	False
B	51	PRO	PRO	7	0.000000	0.000000	0	False	False
B	52	ASP	ASP	8	0.000000	0.000000	0	False	False
B	53	LEU	LEU	8	0.000000	0.000000	0	False	False
B	54	HIS	HIP	10	0.000000	0.000000	0	True	False
B	55	ALA	ALA	5	0.000000	0.000000	0	False	False
B	56	VAL	VAL	7	0.000000	0.000000	0	False	False
B	57	PHE	PHE	11	0.000000	0.000000	0	False	True
B	58	PRO	PRO	7	0.000000	0.000000	0	False	False
B	59	ALA	ALA	5	0.000000	0.000000	0	False	True
B	60	LYS	LYS	9	0.000000	0.000000	0	False	True
B	61	ALA	ALA	5	0.000000	0.000000	0	False	False
B	62	VAL	VAL	7	0.000000	0.000000	0	False	False
B	63	ARG	ARG	11	0.000000	0.000000	0	False	True
B	64	GLU	GLU	9	0.000000	0.000000	0	False	False
B	65	LEU	LEU	8	0.000000	0.000000	0	False	False
B	66	SER	SER	6	0.000000	0.000000	0	False	False
B	67	GLY	GLY	4	0.000000	0.000000	0	False	False
B	68	TRP	TRP	14	0.000000	0.000000	0	False	False
B	69	GLN	GLN	9	0.000000	0.000000	0	True	False
B	70	TYR	TYR	12	0.000000	0.000000	0	False	False
B	71	VAL	VAL	7	0.000000	0.000000	0	False	False
B	72	PRO	PRO	7	0.000000	0.000000	0	False	False
B	73	VAL	VAL	7	0.000000	0.000000	0	False	True
B	74	THR	THR	7	0.000000	0.000000	0	False	True
B	75	CYS	CYS	6	0.000000	0.000000	0	False	True
B	76	MET	MET	8	0.000000	0.000000	0	False	False
B	77	GLN	GLN	9	0.000000	0.000000	0	True	False
B	78	GLU	GLU	9	0.000000	0.000000	0	False	True
B	79	MET	MET	8	0.000000	0.000000	0	False	False
B	80	ASP	ASP	8	0.000000	0.000000	0	False	False
B	81	VAL	VAL	7	0.000000	0.000000	0	False	False
B	82	THR	THR	7	0.000000	0.000000	0	False	False
B	83	GLY	GLY	4	0.000000	0.000000	0	False	False
B	84	GLY	GLY	4	0.000000	0.000000	0	False	False
B	85	LEU	LEU	8	0.000000	0.000000	0	False	False
B	86	LYS	LYS	9	0.000000	0.000000	0	False	False
B	87	LYS	LYS	9	0.000000	0.000000	0	False	False
B	88	CYS	CYS	6	0.000000	0.000000	0	False	False
B	89	ILE	ILE	8	0.000000	0.000000	0	False	False
B	90	ARG	ARG	11	0.000000	0.000000	0	False	True
B	91	VAL	VAL	7	0.000000	0.000000	0	False	False
B	92	MET	MET	8	0.000000	0.000000	0	False	False
B	93	MET	MET	8	0.000000	0.000000	0	False	False
B	94	THR	THR	7	0.000000	0.000000	0	False	False
B	95	VAL	VAL	7	0.000000	0.000000	0	False	False
B	96	GLN	GLN	9	0.000000	0.000000	0	True	False
B	97	THR	THR	7	0.000000	0.000000	0	False	False
B	98	ASP	ASP	8	0.000000	0.000000	0	False	False
B	99	VAL	VAL	7	0.000000	0.000000	0	False	False
B	100	PRO	PRO	7	0.000000	0.000000	0	False	False
B	101	GLN	GLN	9	0.000000	0.000000	0	True	False
B	102	ASP	ASP	8	0.000000	0.000000	0	False	False
B	103	GLN	GLN	9	0.000000	0.000000	0	True	False
B	104	ILE	ILE	8	0.000000	0.000000	0	False	False
B	105	ARG	ARG	11	0.000000	0.000000	0	False	False
B	107	VAL	VAL	7	0.000000	0.000000	0	False	False
B	108	TYR	TYR	12	0.000000	0.000000	0	False	True
B	109	LEU	LEU	8	0.000000	0.000000	0	False	False
B	110	GLU	GLU	9	0.000000	0.000000	0	False	False
B	111	LYS	LYS	9	0.000000	0.000000	0	False	False
B	112	ALA	ALA	5	0.000000	0.000000	0	False	False
B	113	VAL	VAL	7	0.000000	0.000000	0	False	False
B	114	VAL	VAL	7	0.000000	0.000000	0	False	False
B	115	LEU	LEU	8	0.000000	0.000000	0	False	True
B	116	ARG	ARG	11	0.000000	0.000000	0	False	False
B	117	PRO	PRO	7	0.000000	0.000000	0	False	False
B	118	ASP	ASP	8	0.000000	0.000000	0	False	False
B	119	LEU	LEU	8	0.000000	0.000000	0	False	False
B	120	SER	SER	6	0.000000	0.000000	0	False	False
B	121	LEU	LEU	8	0.000000	0.000000	0	False	False
B	122	THR	THR	7	0.000000	0.000000	0	False	False
B	123	LYS	LYS	9	0.000000	0.000000	0	False	False
B	124	ASN	ASN	8	0.000000	0.000000	0	True	False
B	125	THR	THR	7	0.000000	0.000000	0	False	False
B	126	GLU	GLU	9	0.000000	0.000000	0	False	False
B	127	LEU	LEU	9	0.000000	0.000000	0	False	False
C	1	MET	MET	8	0.000000	0.000000	0	False	False
C	2	MET	MET	8	0.000000	0.000000	0	False	False
C	3	ILE	ILE	8	0.000000	0.000000	0	False	False
C	4	ARG	ARG	11	0.000000	0.000000	0	False	False
C	5	GLY	GLY	4	0.000000	0.000000	0	False	False
C	6	ILE	ILE	8	0.000000	0.000000	0	False	False
C	7	ARG	ARG	11	0.000000	0.000000	0	False	True
C	8	GLY	GLY	4	0.000000	0.000000	0	False	False
C	9	ALA	ALA	5	0.000000	0.000000	0	False	False
C	10	THR	THR	7	0.000000	0.000000	0	False	False
C	11	THR	THR	7	0.000000	0.000000	0	False	False
C	12	VAL	VAL	7	0.000000	0.000000	0	False	False
C	13	GLU	GLU	9	0.000000	0.000000	0	False	False
C	14	ARG	ARG	11	0.000000	0.000000	0	False	False
C	15	ASP	ASP	8	0.000000	0.000000	0	False	False
C	16	THR	THR	7	0.000000	0.000000	0	False	False
C	17	GLU	GLU	9	0.000000	0.000000	0	False	False
C	18	GLU	GLU	9	0.000000	0.000000	0	False	False
C	19	GLU	GLU	9	0.000000	0.000000	0	False	False
C	20	ILE	ILE	8	0.000000	0.000000	0	False	False
C	21	LEU	LEU	8	0.000000	0.000000	0	False	False
C	22	GLN	GLN	9	0.000000	0.000000	0	True	False
C	23	LYS	LYS	9	0.000000	0.000000	0	False	False
C	24	THR	THR	7	0.000000	0.000000	0	False	False
C	25	LYS	LYS	9	0.000000	0.000000	0	False	False
C	26	GLN	GLN	9	0.000000	0.000000	0	True	False
C	27	LEU	LEU	8	0.000000	0.000000	0	False	False
C	28	LEU	LEU	8	0.000000	0.000000	0	False	False
C	29	GLU	GLU	9	0.000000	0.000000	0	False	False
C	30	LYS	LYS	9	0.000000	0.000000	0	False	False
C	31	ILE	ILE	8	0.000000	0.000000	0	False	False
C	32	ILE	ILE	8	0.000000	0.000000	0	False	False
C	33	GLU	GLU	9	0.000000	0.000000	0	False	False
C	34	GLU	GLU	9	0.000000	0.000000	0	False	False
C	35	ASN	ASN	8	0.000000	0.000000	0	True	False
C	36	HIS	HIP	10	0.000000	0.000000	0	True	False
C	37	THR	THR	7	0.000000	0.000000	0	False	False
C	38	LYS	LYS	9	0.000000	0.000000	0	False	False
C	39	PRO	PRO	7	0.000000	0.000000	0	False	False
C	40	GLU	GLU	9	0.000000	0.000000	0	False	False
C	41	ASP	ASP	8	0.000000	0.000000	0	False	False
C	42	VAL	VAL	7	0.000000	0.000000	0	False	False
C	43	VAL	VAL	7	0.000000	0.000000	0	False	False
C	45	MET	MET	8	0.000000	0.000000	0	False	False
C	46	LEU	LEU	8	0.000000	0.000000	0	False	False
C	47	LEU	LEU	8	0.000000	0.000000	0	False	False
C	48	SER	SER	6	0.000000	0.000000	0	False	False
C	49	ALA	ALA	5	0.000000	0.000000	0	False	False
C	50	THR	THR	7	0.000000	0.000000	0	False	False
C	51	PRO	PRO	7	0.000000	0.000000	0	False	False
C	52	ASP	ASP	8	0.000000	0.000000	0	False	False
C	53	LEU	LEU	8	0.000000	0.000000	0	False	False
C	54	HIS	HIP	10	0.000000	0.000000	0	True	False
C	55	ALA	ALA	5	0.000000	0.000000	0	False	False
C	56	VAL	VAL	7	0.000000	0.000000	0	False	False
C	57	PHE	PHE	11	0.000000	0.000000	0	False	True
C	58	PRO	PRO	7	0.000000	0.000000	0	False	False
C	59	ALA	ALA	5	0.000000	0.000000	0	False	True
C	60	LYS	LYS	9	0.000000	0.000000	0	False	True
C	61	ALA	ALA	5	0.000000	0.000000	0	False	False
C	62	VAL	VAL	7	0.000000	0.000000	0	False	False
C	63	ARG	ARG	11	0.000000	0.000000	0	False	True
C	64	GLU	GLU	9	0.000000	0.000000	0	False	False
C	65	LEU	LEU	8	0.000000	0.000000	0	False	False
C	66	SER	SER	6	0.000000	0.000000	0	False	False
C	67	GLY	GLY	4	0.000000	0.000000	0	False	False
C	68	TRP	TRP	14	0.000000	0.000000	0	False	False
C	69	GLN	GLN	9	0.000000	0.000000	0	True	False
C	70	TYR	TYR	12	0.000000	0.000000	0	False	False
C	71	VAL	VAL	7	0.000000	0.000000	0	False	False
C	72	PRO	PRO	7	0.000000	0.000000	0	False	False
C	73	VAL	VAL	7	0.000000	0.000000	0	False	True
C	74	THR	THR	7	0.000000	0.000000	0	False	True
C	75	CYS	CYS	6	0.000000	0.000000	0	False	True
C	76	MET	MET	8	0.000000	0.000000	0	False	False
C	77	GLN	GLN	9	0.000000	0.000000	0	True	False
C	78	GLU	GLU	9	0.000000	0.000000	0	False	True
C	79	MET	MET	8	0.000000	0.000000	0	False	False
C	80	ASP	ASP	8	0.000000	0.000000	0	False	False
C	81	VAL	VAL	7	0.000000	0.000000	0	False	False
C	82	THR	THR	7	0.000000	0.000000	0	False	False
C	83	GLY	GLY	4	0.000000	0.000000	0	False	False
C	84	GLY	GLY	4	0.000000	0.000000	0	False	False
C	85	LEU	LEU	8	0.000000	0.000000	0	False	False
C	86	LYS	LYS	9	0.000000	0.000000	0	False	False
C	87	LYS	LYS	9	0.000000	0.000000	0	False	False
C	88	CYS	CYS	6	0.000000	0.000000	0	False	False
C	89	ILE	ILE	8	0.000000	0.000000	0	False	False
C	90	ARG	ARG	11	0.000000	0.000000	0	False	True
C	91	VAL	VAL	7	0.000000	0.000000	0	False	False
C	92	MET	MET	8	0.000000	0.000000	0	False	False
C	93	MET	MET	8	0.000000	0.000000	0	False	False
C	94	THR	THR	7	0.000000	0.000000	0	False	False
C	95	VAL	VAL	7	0.000000	0.000000	0	False	False
C	96	GLN	GLN	9	0.000000	0.000000	0	True	False
C	97	THR	THR	7	0.000000	0.000000	0	False	False
C	98	ASP	ASP	8	0.000000	0.000000	0	False	False
C	99	VAL	VAL	7	0.000000	0.000000	0	False	False
C	100	PRO	PRO	7	0.000000	0.000000	0	False	False
C	102	ASP	ASP	8	0.000000	0.000000	0	False	False
C	103	GLN	GLN	9	0.000000	0.000000	0	True	False
C	104	ILE	ILE	8	0.000000	0.000000	0	False	False
C	105	ARG	ARG	11	0.000000	0.000000	0	False	False
C	107	VAL	VAL	7	0.000000	0.000000	0	False	False
C	108	TYR	TYR	12	0.000000	0.000000	0	False	True
C	109	LEU	LEU	8	0.000000	0.000000	0	False	False
C	110	GLU	GLU	9	0.000000	0.000000	0	False	False
C	111	LYS	LYS	9	0.000000	0.000000	0	False	False
C	112	ALA	ALA	5	0.000000	0.000000	0	False	False
C	113	VAL	VAL	7	0.000000	0.000000	0	False	False
C	114	VAL	VAL	7	0.000000	0.000000	0	False	False
C	115	LEU	LEU	8	0.000000	0.000000	0	False	True
C	116	ARG	ARG	11	0.000000	0.000000	0	False	False
C	117	PRO	PRO	7	0.000000	0.000000	0	False	False
C	118	ASP	ASP	8	0.000000	0.000000	0	False	False
C	119	LEU	LEU	8	0.000000	0.000000	0	False	False
C	120	SER	SER	6	0.000000	0.000000	0	False	False
C	121	LEU	LEU	8	0.000000	0.000000	0	False	False
C	122	THR	THR	7	0.000000	0.000000	0	False	False
C	123	LYS	LYS	9	0.000000	0.000000	0	False	False
C	124	ASN	ASN	8	0.000000	0.000000	0	True	False
C	125	THR	THR	7	0.000000	0.000000	0	False	False
C	126	GLU	GLU	9	0.000000	0.000000	0	False	False
C	127	LEU	LEU	9	0.000000	0.000000	0	False	False
