record	chain	resid	resname	atoms	heavy	H
ATOM	A	1	MET	19	8	11
ATOM	A	2	MET	17	8	9
ATOM	A	3	ILE	19	8	11
ATOM	A	4	ARG	24	11	13
ATOM	A	5	GLY	7	4	3
ATOM	A	6	ILE	19	8	11
ATOM	A	7	ARG	24	11	13
ATOM	A	8	GLY	7	4	3
ATOM	A	9	ALA	10	5	5
ATOM	A	10	THR	14	7	7
ATOM	A	11	THR	14	7	7
ATOM	A	12	VAL	16	7	9
ATOM	A	13	GLU	15	9	6
ATOM	A	14	ARG	24	11	13
ATOM	A	15	ASP	12	8	4
ATOM	A	16	THR	14	7	7
ATOM	A	17	GLU	15	9	6
ATOM	A	18	GLU	15	9	6
ATOM	A	19	GLU	15	9	6
ATOM	A	20	ILE	19	8	11
ATOM	A	21	LEU	19	8	11
ATOM	A	22	GLN	17	9	8
ATOM	A	23	LYS	22	9	13
ATOM	A	24	THR	14	7	7
ATOM	A	25	LYS	22	9	13
ATOM	A	26	GLN	17	9	8
ATOM	A	27	LEU	19	8	11
ATOM	A	28	LEU	19	8	11
ATOM	A	29	GLU	15	9	6
ATOM	A	30	LYS	22	9	13
ATOM	A	31	ILE	19	8	11
ATOM	A	32	ILE	19	8	11
ATOM	A	33	GLU	15	9	6
ATOM	A	34	GLU	15	9	6
ATOM	A	35	ASN	14	8	6
ATOM	A	36	HIP	18	10	8
ATOM	A	37	THR	14	7	7
ATOM	A	38	LYS	22	9	13
ATOM	A	39	PRO	14	7	7
ATOM	A	40	GLU	15	9	6
ATOM	A	41	ASP	12	8	4
ATOM	A	42	VAL	16	7	9
ATOM	A	43	VAL	16	7	9
ATOM	A	44	GLN	17	9	8
ATOM	A	45	MET	17	8	9
ATOM	A	46	LEU	19	8	11
ATOM	A	47	LEU	19	8	11
ATOM	A	48	SER	11	6	5
ATOM	A	49	ALA	10	5	5
ATOM	A	50	THR	14	7	7
ATOM	A	51	PRO	14	7	7
ATOM	A	52	ASP	12	8	4
ATOM	A	53	LEU	19	8	11
ATOM	A	54	HIP	18	10	8
ATOM	A	55	ALA	10	5	5
ATOM	A	56	VAL	16	7	9
ATOM	A	57	PHE	20	11	9
ATOM	A	58	PRO	14	7	7
ATOM	A	59	ALA	10	5	5
ATOM	A	60	LYS	22	9	13
ATOM	A	61	ALA	10	5	5
ATOM	A	62	VAL	16	7	9
ATOM	A	63	ARG	24	11	13
ATOM	A	64	GLU	15	9	6
ATOM	A	65	LEU	19	8	11
ATOM	A	66	SER	11	6	5
ATOM	A	67	GLY	7	4	3
ATOM	A	68	TRP	24	14	10
ATOM	A	69	GLN	17	9	8
ATOM	A	70	TYR	21	12	9
ATOM	A	71	VAL	16	7	9
ATOM	A	72	PRO	14	7	7
ATOM	A	73	VAL	16	7	9
ATOM	A	74	THR	14	7	7
ATOM	A	75	CYS	11	6	5
ATOM	A	76	MET	17	8	9
ATOM	A	77	GLN	17	9	8
ATOM	A	78	GLU	15	9	6
ATOM	A	79	MET	17	8	9
ATOM	A	80	ASP	12	8	4
ATOM	A	81	VAL	16	7	9
ATOM	A	82	THR	14	7	7
ATOM	A	83	GLY	7	4	3
ATOM	A	84	GLY	7	4	3
ATOM	A	85	LEU	19	8	11
ATOM	A	86	LYS	22	9	13
ATOM	A	87	LYS	22	9	13
ATOM	A	88	CYS	11	6	5
ATOM	A	89	ILE	19	8	11
ATOM	A	90	ARG	24	11	13
ATOM	A	91	VAL	16	7	9
ATOM	A	92	MET	17	8	9
ATOM	A	93	MET	17	8	9
ATOM	A	94	THR	14	7	7
ATOM	A	95	VAL	16	7	9
ATOM	A	96	GLN	17	9	8
ATOM	A	97	THR	14	7	7
ATOM	A	98	ASP	12	8	4
ATOM	A	99	VAL	16	7	9
ATOM	A	100	PRO	14	7	7
ATOM	A	101	GLN	17	9	8
ATOM	A	102	ASP	12	8	4
ATOM	A	103	GLN	17	9	8
ATOM	A	104	ILE	19	8	11
ATOM	A	105	ARG	24	11	13
ATOM	A	106	HIE	17	10	7
ATOM	A	107	VAL	16	7	9
ATOM	A	108	TYR	21	12	9
ATOM	A	109	LEU	19	8	11
ATOM	A	110	GLU	15	9	6
ATOM	A	111	LYS	22	9	13
ATOM	A	112	ALA	10	5	5
ATOM	A	113	VAL	16	7	9
ATOM	A	114	VAL	16	7	9
ATOM	A	115	LEU	19	8	11
ATOM	A	116	ARG	24	11	13
ATOM	A	117	PRO	14	7	7
ATOM	A	118	ASP	12	8	4
ATOM	A	119	LEU	19	8	11
ATOM	A	120	SER	11	6	5
ATOM	A	121	LEU	19	8	11
ATOM	A	122	THR	14	7	7
ATOM	A	123	LYS	22	9	13
ATOM	A	124	ASN	14	8	6
ATOM	A	125	THR	14	7	7
ATOM	A	126	GLU	15	9	6
ATOM	A	127	LEU	20	9	11
ATOM	B	1	MET	19	8	11
ATOM	B	2	MET	17	8	9
ATOM	B	3	ILE	19	8	11
ATOM	B	4	ARG	24	11	13
ATOM	B	5	GLY	7	4	3
ATOM	B	6	ILE	19	8	11
ATOM	B	7	ARG	24	11	13
ATOM	B	8	GLY	7	4	3
ATOM	B	9	ALA	10	5	5
ATOM	B	10	THR	14	7	7
ATOM	B	11	THR	14	7	7
ATOM	B	12	VAL	16	7	9
ATOM	B	13	GLU	15	9	6
ATOM	B	14	ARG	24	11	13
ATOM	B	15	ASP	12	8	4
ATOM	B	16	THR	14	7	7
ATOM	B	17	GLU	15	9	6
ATOM	B	18	GLU	15	9	6
ATOM	B	19	GLU	15	9	6
ATOM	B	20	ILE	19	8	11
ATOM	B	21	LEU	19	8	11
ATOM	B	22	GLN	17	9	8
ATOM	B	23	LYS	22	9	13
ATOM	B	24	THR	14	7	7
ATOM	B	25	LYS	22	9	13
ATOM	B	26	GLN	17	9	8
ATOM	B	27	LEU	19	8	11
ATOM	B	28	LEU	19	8	11
ATOM	B	29	GLU	15	9	6
ATOM	B	30	LYS	22	9	13
ATOM	B	31	ILE	19	8	11
ATOM	B	32	ILE	19	8	11
ATOM	B	33	GLU	15	9	6
ATOM	B	34	GLU	15	9	6
ATOM	B	35	ASN	14	8	6
ATOM	B	36	HIP	18	10	8
ATOM	B	37	THR	14	7	7
ATOM	B	38	LYS	22	9	13
ATOM	B	39	PRO	14	7	7
ATOM	B	40	GLU	15	9	6
ATOM	B	41	ASP	12	8	4
ATOM	B	42	VAL	16	7	9
ATOM	B	43	VAL	16	7	9
ATOM	B	44	GLN	17	9	8
ATOM	B	45	MET	17	8	9
ATOM	B	46	LEU	19	8	11
ATOM	B	47	LEU	19	8	11
ATOM	B	48	SER	11	6	5
ATOM	B	49	ALA	10	5	5
ATOM	B	50	THR	14	7	7
ATOM	B	51	PRO	14	7	7
ATOM	B	52	ASP	12	8	4
ATOM	B	53	LEU	19	8	11
ATOM	B	54	HIP	18	10	8
ATOM	B	55	ALA	10	5	5
ATOM	B	56	VAL	16	7	9
ATOM	B	57	PHE	20	11	9
ATOM	B	58	PRO	14	7	7
ATOM	B	59	ALA	10	5	5
ATOM	B	60	LYS	22	9	13
ATOM	B	61	ALA	10	5	5
ATOM	B	62	VAL	16	7	9
ATOM	B	63	ARG	24	11	13
ATOM	B	64	GLU	15	9	6
ATOM	B	65	LEU	19	8	11
ATOM	B	66	SER	11	6	5
ATOM	B	67	GLY	7	4	3
ATOM	B	68	TRP	24	14	10
ATOM	B	69	GLN	17	9	8
ATOM	B	70	TYR	21	12	9
ATOM	B	71	VAL	16	7	9
ATOM	B	72	PRO	14	7	7
ATOM	B	73	VAL	16	7	9
ATOM	B	74	THR	14	7	7
ATOM	B	75	CYS	11	6	5
ATOM	B	76	MET	17	8	9
ATOM	B	77	GLN	17	9	8
ATOM	B	78	GLU	15	9	6
ATOM	B	79	MET	17	8	9
ATOM	B	80	ASP	12	8	4
ATOM	B	81	VAL	16	7	9
ATOM	B	82	THR	14	7	7
ATOM	B	83	GLY	7	4	3
ATOM	B	84	GLY	7	4	3
ATOM	B	85	LEU	19	8	11
ATOM	B	86	LYS	22	9	13
ATOM	B	87	LYS	22	9	13
ATOM	B	88	CYS	11	6	5
ATOM	B	89	ILE	19	8	11
ATOM	B	90	ARG	24	11	13
ATOM	B	91	VAL	16	7	9
ATOM	B	92	MET	17	8	9
ATOM	B	93	MET	17	8	9
ATOM	B	94	THR	14	7	7
ATOM	B	95	VAL	16	7	9
ATOM	B	96	GLN	17	9	8
ATOM	B	97	THR	14	7	7
ATOM	B	98	ASP	12	8	4
ATOM	B	99	VAL	16	7	9
ATOM	B	100	PRO	14	7	7
ATOM	B	101	GLN	17	9	8
ATOM	B	102	ASP	12	8	4
ATOM	B	103	GLN	17	9	8
ATOM	B	104	ILE	19	8	11
ATOM	B	105	ARG	24	11	13
ATOM	B	106	HIE	17	10	7
ATOM	B	107	VAL	16	7	9
ATOM	B	108	TYR	21	12	9
ATOM	B	109	LEU	19	8	11
ATOM	B	110	GLU	15	9	6
ATOM	B	111	LYS	22	9	13
ATOM	B	112	ALA	10	5	5
ATOM	B	113	VAL	16	7	9
ATOM	B	114	VAL	16	7	9
ATOM	B	115	LEU	19	8	11
ATOM	B	116	ARG	24	11	13
ATOM	B	117	PRO	14	7	7
ATOM	B	118	ASP	12	8	4
ATOM	B	119	LEU	19	8	11
ATOM	B	120	SER	11	6	5
ATOM	B	121	LEU	19	8	11
ATOM	B	122	THR	14	7	7
ATOM	B	123	LYS	22	9	13
ATOM	B	124	ASN	14	8	6
ATOM	B	125	THR	14	7	7
ATOM	B	126	GLU	15	9	6
ATOM	B	127	LEU	20	9	11
ATOM	C	1	MET	19	8	11
ATOM	C	2	MET	17	8	9
ATOM	C	3	ILE	19	8	11
ATOM	C	4	ARG	24	11	13
ATOM	C	5	GLY	7	4	3
ATOM	C	6	ILE	19	8	11
ATOM	C	7	ARG	24	11	13
ATOM	C	8	GLY	7	4	3
ATOM	C	9	ALA	10	5	5
ATOM	C	10	THR	14	7	7
ATOM	C	11	THR	14	7	7
ATOM	C	12	VAL	16	7	9
ATOM	C	13	GLU	15	9	6
ATOM	C	14	ARG	24	11	13
ATOM	C	15	ASP	12	8	4
ATOM	C	16	THR	14	7	7
ATOM	C	17	GLU	15	9	6
ATOM	C	18	GLU	15	9	6
ATOM	C	19	GLU	15	9	6
ATOM	C	20	ILE	19	8	11
ATOM	C	21	LEU	19	8	11
ATOM	C	22	GLN	17	9	8
ATOM	C	23	LYS	22	9	13
ATOM	C	24	THR	14	7	7
ATOM	C	25	LYS	22	9	13
ATOM	C	26	GLN	17	9	8
ATOM	C	27	LEU	19	8	11
ATOM	C	28	LEU	19	8	11
ATOM	C	29	GLU	15	9	6
ATOM	C	30	LYS	22	9	13
ATOM	C	31	ILE	19	8	11
ATOM	C	32	ILE	19	8	11
ATOM	C	33	GLU	15	9	6
ATOM	C	34	GLU	15	9	6
ATOM	C	35	ASN	14	8	6
ATOM	C	36	HIP	18	10	8
ATOM	C	37	THR	14	7	7
ATOM	C	38	LYS	22	9	13
ATOM	C	39	PRO	14	7	7
ATOM	C	40	GLU	15	9	6
ATOM	C	41	ASP	12	8	4
ATOM	C	42	VAL	16	7	9
ATOM	C	43	VAL	16	7	9
ATOM	C	44	GLN	17	9	8
ATOM	C	45	MET	17	8	9
ATOM	C	46	LEU	19	8	11
ATOM	C	47	LEU	19	8	11
ATOM	C	48	SER	11	6	5
ATOM	C	49	ALA	10	5	5
ATOM	C	50	THR	14	7	7
ATOM	C	51	PRO	14	7	7
ATOM	C	52	ASP	12	8	4
ATOM	C	53	LEU	19	8	11
ATOM	C	54	HIP	18	10	8
ATOM	C	55	ALA	10	5	5
ATOM	C	56	VAL	16	7	9
ATOM	C	57	PHE	20	11	9
ATOM	C	58	PRO	14	7	7
ATOM	C	59	ALA	10	5	5
ATOM	C	60	LYS	22	9	13
ATOM	C	61	ALA	10	5	5
ATOM	C	62	VAL	16	7	9
ATOM	C	63	ARG	24	11	13
ATOM	C	64	GLU	15	9	6
ATOM	C	65	LEU	19	8	11
ATOM	C	66	SER	11	6	5
ATOM	C	67	GLY	7	4	3
ATOM	C	68	TRP	24	14	10
ATOM	C	69	GLN	17	9	8
ATOM	C	70	TYR	21	12	9
ATOM	C	71	VAL	16	7	9
ATOM	C	72	PRO	14	7	7
ATOM	C	73	VAL	16	7	9
ATOM	C	74	THR	14	7	7
ATOM	C	75	CYS	11	6	5
ATOM	C	76	MET	17	8	9
ATOM	C	77	GLN	17	9	8
ATOM	C	78	GLU	15	9	6
ATOM	C	79	MET	17	8	9
ATOM	C	80	ASP	12	8	4
ATOM	C	81	VAL	16	7	9
ATOM	C	82	THR	14	7	7
ATOM	C	83	GLY	7	4	3
ATOM	C	84	GLY	7	4	3
ATOM	C	85	LEU	19	8	11
ATOM	C	86	LYS	22	9	13
ATOM	C	87	LYS	22	9	13
ATOM	C	88	CYS	11	6	5
ATOM	C	89	ILE	19	8	11
ATOM	C	90	ARG	24	11	13
ATOM	C	91	VAL	16	7	9
ATOM	C	92	MET	17	8	9
ATOM	C	93	MET	17	8	9
ATOM	C	94	THR	14	7	7
ATOM	C	95	VAL	16	7	9
ATOM	C	96	GLN	17	9	8
ATOM	C	97	THR	14	7	7
ATOM	C	98	ASP	12	8	4
ATOM	C	99	VAL	16	7	9
ATOM	C	100	PRO	14	7	7
ATOM	C	101	GLN	17	9	8
ATOM	C	102	ASP	12	8	4
ATOM	C	103	GLN	17	9	8
ATOM	C	104	ILE	19	8	11
ATOM	C	105	ARG	24	11	13
ATOM	C	106	HIE	17	10	7
ATOM	C	107	VAL	16	7	9
ATOM	C	108	TYR	21	12	9
ATOM	C	109	LEU	19	8	11
ATOM	C	110	GLU	15	9	6
ATOM	C	111	LYS	22	9	13
ATOM	C	112	ALA	10	5	5
ATOM	C	113	VAL	16	7	9
ATOM	C	114	VAL	16	7	9
ATOM	C	115	LEU	19	8	11
ATOM	C	116	ARG	24	11	13
ATOM	C	117	PRO	14	7	7
ATOM	C	118	ASP	12	8	4
ATOM	C	119	LEU	19	8	11
ATOM	C	120	SER	11	6	5
ATOM	C	121	LEU	19	8	11
ATOM	C	122	THR	14	7	7
ATOM	C	123	LYS	22	9	13
ATOM	C	124	ASN	14	8	6
ATOM	C	125	THR	14	7	7
ATOM	C	126	GLU	15	9	6
ATOM	C	127	LEU	20	9	11
HETATM	A	201	CHA	24	16	8
HETATM	B	201	CHA	24	16	8
HETATM	C	201	CHA	24	16	8
